<?xml version="1.0" encoding="UTF-8"?>
<!DOCTYPE mapper PUBLIC "-//mybatis.org//DTD Mapper 3.0//EN" "http://mybatis.org/dtd/mybatis-3-mapper.dtd">
<mapper namespace="com.example.hotel.data.user.AccountMapper">
    <insert id="createNewAccount" parameterType="com.example.hotel.po.User" useGeneratedKeys="true" keyProperty="id">
        insert into User(email,password,username,phonenumber,credit,usertype)
        values(#{email},#{password},#{userName},#{phoneNumber},#{credit},#{userType})
    </insert>
    <select id="getAccountByName" resultMap="User">
        select * from User where email=#{email}
    </select>
    <select id="getAccountById" resultMap="User">
        select * from User where id=#{id}
    </select>
    <update id="updateAccount">
        update User set id = #{id}
        <if test="password != null">
            , password=#{password}
        </if>
        <if test="userName != null">
            , username=#{userName}
        </if>
        <if test="phoneNumber != null">
            , phonenumber=#{phoneNumber}
        </if>
        where id=#{id}
    </update>
    <update id="updateAccountCredit">
        update USER
            set credit=#{credit}
            where id=#{id}
    </update>
    <select id="searchUsers" resultMap="User">
        SELECT * FROM User WHERE true
        <if test="id!=null">
            AND id = #{id}
        </if>
        <if test="email!=null">
            AND email LIKE CONCAT(CONCAT('%', #{email}), '%')
        </if>
        <if test="userName!=null">
            AND username LIKE CONCAT(CONCAT('%', #{userName}), '%')
        </if>
        <if test="phoneNumber!=null">
            AND phoneNumber LIKE CONCAT(#{phoneNumber}, '%')
        </if>
        <if test="userType!=null">
            AND usertype = #{userType}
        </if>
    </select>

    <update id="updateAsMgr">
        UPDATE User SET usertype = 'HotelManager' WHERE id=#{id}
    </update>
    <delete id="deleteUser">
        delete from user where id = #{id}
    </delete>
    <resultMap id="User" type="com.example.hotel.po.User">
        <id column="id" property="id"></id>
        <result column="email" property="email"></result>
        <result column="password" property="password"></result>
        <result column="username" property="userName"></result>
        <result column="phonenumber" property="phoneNumber"></result>
        <result column="credit" property="credit"></result>
        <result column="usertype" property="userType"></result>
    </resultMap>
</mapper>