<?xml version="1.0" encoding="UTF-8" ?>
<!DOCTYPE mapper PUBLIC "-//mybatis.org//DTD Mapper 3.0//EN" "http://mybatis.org/dtd/mybatis-3-mapper.dtd" >
<mapper namespace="com.example.hotel.data.user.UserImgMapper">
    <insert id="insertPic" parameterType="com.example.hotel.vo.UserImgVO" keyProperty="userId">
        insert into user_image(userId,img)
        values (#{userId}, #{pic})
    </insert>
    <update id="updatePic">
        update user_image set img = #{pic}
        where userId = #{userId}
    </update>
    <select id="getPic" resultMap="userImg">
        select * from user_image where userId = #{userId}
    </select>


    <resultMap id="userImg" type="com.example.hotel.vo.UserImgVO">
        <id column="userId" property="userId"></id>
        <result column="img" property="pic"></result>
    </resultMap>
</mapper>