<?xml version="1.0" encoding="UTF-8"?>
<!DOCTYPE mapper PUBLIC "-//mybatis.org//DTD Mapper 3.0//EN" "http://mybatis.org/dtd/mybatis-3-mapper.dtd">
<mapper namespace="com.example.hotel.data.admin.AdminMapper">
    <insert id="addManager" parameterType="com.example.hotel.po.User" useGeneratedKeys="true" keyProperty="id">
        insert into User(email,password,usertype,username,credit,phonenumber)
        values(#{email},#{password},#{userType},#{userName}, #{credit}, #{phoneNumber})
    </insert>
    <select id="getAllManagers" resultMap="User">
        select * from User where usertype='HotelManager'
    </select>
    <select id="getAllClients" resultMap="User">
        select * from User where usertype='Client'
    </select>

    <resultMap id="User" type="com.example.hotel.po.User">
        <id column="id" property="id"></id>
        <result column="email" property="email"></result>
        <result column="password" property="password"></result>
        <result column="username" property="userName"></result>
        <result column="phonenumber" property="phoneNumber"></result>
        <result column="credit" property="credit"></result>
        <result column="usertype" property="userType"></result>
    </resultMap>
</mapper>