<?xml version="1.0" encoding="UTF-8"?>
<!DOCTYPE mapper PUBLIC "-//mybatis.org//DTD Mapper 3.0//EN" "http://mybatis.org/dtd/mybatis-3-mapper.dtd">
<mapper namespace="com.example.hotel.data.order.OrderMapper">

    <select id="getAllOrders" resultMap="Order">
        select * from OrderList
    </select>
    <select id="getUserOrders" resultMap="Order">
        select * from OrderList where userId=#{userid}
    </select>
    <select id="getOrderedHotels" resultType="Integer">
        select distinct hotelId from OrderList where userId=#{userid}
    </select>
    <select id="getabnormalOrdersOfTheDay" resultMap="Order">
        select * from OrderList where hotelId=#{hotelId} and orderState='异常'
    </select>
    <insert id="addOrder" parameterType="com.example.hotel.po.Order" useGeneratedKeys="true" keyProperty="id">
        insert into OrderList(userId,hotelId,hotelName,checkInDate,checkOutDate,roomType,roomNum,peopleNum,haveChild,createDate,price,clientName,phoneNumber,orderState)
        values(#{userId},#{hotelId},#{hotelName},#{checkInDate},#{checkOutDate},#{roomType},#{roomNum},#{peopleNum},#{haveChild},#{createDate},#{price},#{clientName},#{phoneNumber},#{orderState})
    </insert>
    <select id="getOrderById" resultMap="Order">
        select * from OrderList where id=#{orderid}
    </select>
   <!--取消订单的数据库操作-->
    <update id="annulOrder">
        update orderList
            set orderState ='已取消'
            where id=#{orderid}
    </update>

    <update id="checkInOrder">
        update orderList
            set orderState ='已执行'
            where id=#{orderid}
    </update>

    <update id="abnormalOrder">
        update orderList
            set orderState ='异常'
            where id=#{orderid}
    </update>
    <update id="updateOrderCheckInDate">
        update orderList
            set checkInDate =#{checkInDate}
            where id=#{orderid}
    </update>
    <update id="checkOutOrder">
        update orderList
            set orderState ='已退房'
            where id=#{orderid}
    </update>
    <update id="updateOrderCheckOutDate">
        update orderList
            set checkOutDate =#{checkOutDate}
            where id=#{orderid}
    </update>

    <update id="appealAbnormalOrder">
        update orderList
            set orderState ='已撤销'
            where id=#{orderid}
    </update>
    <delete id="deleteOrder">
        delete from orderlist where id=#{orderid}
    </delete>
    <select id="getOrdersByHotelId" resultMap="Order">
        select * from OrderList where hotelId=#{hotelId}
    </select>


    <select id="getOrderedNumOfThisRoomType" resultMap="Order">
        select  * from OrderList where roomType = #{roomType} and hotelId = #{hotelId}
    </select>


    <resultMap id="Order" type="com.example.hotel.po.Order">
    </resultMap>

</mapper>