<?xml version="1.0" encoding="UTF-8" ?>
<!DOCTYPE mapper PUBLIC "-//mybatis.org//DTD Mapper 3.0//EN" "http://mybatis.org/dtd/mybatis-3-mapper.dtd" >
<mapper namespace="com.example.hotel.data.hotel.HotelImgMapper">
    <insert id="insertPic" parameterType="com.example.hotel.vo.HotelImgVO" keyProperty="hotelId">
        insert into hotel_image(hotelId,img)
        values (#{hotelId}, #{pic})
    </insert>
    <update id="updatePic">
        update hotel_image set img = #{pic}
        where hotelId = #{hotelId}
    </update>
    <select id="getPic" resultMap="hotelImg">
        select * from hotel_image where hotelId = #{hotelId}
    </select>


    <resultMap id="hotelImg" type="com.example.hotel.vo.HotelImgVO">
        <id column="hotelId" property="hotelId"></id>
        <result column="img" property="pic"></result>
    </resultMap>
</mapper>