<?xml version="1.0" encoding="UTF-8" ?>
<!DOCTYPE mapper PUBLIC "-//mybatis.org//DTD Mapper 3.0//EN" "http://mybatis.org/dtd/mybatis-3-mapper.dtd" >
<mapper namespace="com.example.hotel.data.hotel.HotelMapper">
    <insert id="insertHotel" parameterType="com.example.hotel.po.Hotel"
    useGeneratedKeys="true" keyProperty="id">
        insert into Hotel(address,biz_id,bizRegion,hotelDescription,hotelStar,hotelName,phoneNum,rate,manager_id)
        values (#{address},#{biz_id},#{bizRegion},#{description},#{hotelStar},#{hotelName},#{phoneNum},#{rate},#{managerId})
    </insert>

    <select id="selectAllHotel" resultMap="Hotel">
        select * from Hotel
    </select>
    <select id="selectById" resultMap="Hotel">
        select * from Hotel where id=#{id}
    </select>



    <select id="selectByPos" resultMap="Hotel">
        SELECT * FROM Hotel where biz_id=#{biz_id} and address=#{address}
    </select>
    <select id="selectOrderedHotelIds" resultType="Integer">
        SELECT DISTINCT hotelId FROM OrderList where userId=#{userId}
    </select>

    <select id="searchHotel" resultMap="Hotel">
        SELECT h.*, MIN(R.price) minprice, MAX(R.price) maxprice FROM Hotel h
        LEFT JOIN Room R on h.id = R.hotel_id
        WHERE true
        AND h.biz_id=#{bizId}
        <if test="hotelNameKeyWord != '%%' and hotelNameKeyWord != null">
            AND h.hotelName LIKE #{hotelNameKeyWord}
        </if>
        <if test="stars!=null">
            AND h.hotelStar IN
            <foreach collection="stars" item="item" open="(" close=")" separator=",">
                #{item}
            </foreach>
        </if>
        <if test="lowerRate!=null">
            AND h.rate &gt;= #{lowerRate}
        </if>
        <if test="higherRate!=null">
            AND h.rate &lt;= #{higherRate}
        </if>
        GROUP BY h.id
        <if test="lowerPrice!=null and upperPrice!=null">
            HAVING minprice IS NOT NULL
               AND NOT (
                   #{lowerPrice} > maxprice OR #{upperPrice} &lt; minprice
            )
        </if>
    </select>

    <update id="bindNewHotelMgr">
        UPDATE Hotel SET manager_id=#{mgrId}
        WHERE id = #{hotelId} AND #{mgrId} IN
                                  (SELECT User.id FROM User WHERE usertype='HotelManager')
    </update>

    <select id="selectManagedBy" resultMap="Hotel">
        SELECT * FROM Hotel WHERE manager_id = #{mgrId}
    </select>


    <!--    //酒店工作人员B.i-->
    <!--    //xzh-->
    <update id="updateHotelBasicInfo">
        update Hotel set hotelName = #{hotelName},address=#{address},biz_id=#{biz_id},hotelDescription=#{description},
        hotelStar=#{hotelStar},phoneNum=#{phoneNum},rate=#{rate},manager_id=#{managerId},bizRegion=#{bizRegion}
        where id=#{id}
    </update>

    <resultMap id="Hotel" type="com.example.hotel.vo.HotelVO">
        <id column="id" property="id"></id>
        <result column="address" property="address"></result>
        <result column="biz_id" property="biz_id"></result>
        <result column="hotelDescription" property="description"></result>
        <result column="hotelStar" property="hotelStar"></result>
        <result column="hotelName" property="name"></result>
        <result column="phoneNum" property="phoneNum"></result>
        <result column="rate" property="rate"></result>
        <result column="manager_id" property="managerId"></result>
    </resultMap>


</mapper>