<?xml version="1.0" encoding="UTF-8" ?>
<!DOCTYPE mapper PUBLIC "-//mybatis.org//DTD Mapper 3.0//EN" "http://mybatis.org/dtd/mybatis-3-mapper.dtd" >
<mapper namespace="com.example.hotel.data.hotel.RoomRepoMapper">
    <insert id="addRoomOfDate">
        INSERT INTO roomrepo(date, currentNum, roomId) VALUES (#{date}, #{currentNum}, #{roomId})
    </insert>

    <update id="setRoomOfDate">
        UPDATE roomrepo SET currentNum = #{currentNum} WHERE roomId = #{roomId} AND date = #{date}
    </update>

    <select id="searchRoom" resultType="com.example.hotel.po.RoomRepoPO">
        SELECT * FROM roomrepo WHERE TRUE
        <if test="date!=null">
            AND date = #{date}
        </if>
        <if test="roomId!=null">
            AND roomId = #{roomId}
        </if>
    </select>
<select id="getAvailableOfRoomIdAndDate" resultType="java.lang.Integer">
    select  currentNum from roomrepo where roomId=#{roomId} and date = #{date}
</select>
<update id="setAvailableOfRoomIdAndDate">
    update roomrepo set currentNum=#{newValue} where roomId=#{roomId} and date = #{date}
</update>
    <select id="getRoomCntOfHotelOfDates" resultMap="DateCntMap">
        SELECT RP.date date, SUM(RP.currentNum) cnt FROM Room R
        LEFT JOIN roomrepo RP on R.id = RP.roomId
        WHERE R.hotel_id = #{hotelId}
        AND date IN
        <foreach collection="dates" item="item" open="(" close=")" separator=",">
            #{item}
        </foreach>
        GROUP BY date
    </select>
    
    <resultMap id="DateCntMap" type="com.example.hotel.po.HotelDateCntPO">
        <id column="date" jdbcType="VARCHAR" property="date"/>
        <result column="cnt" jdbcType="INTEGER" property="cnt"/>
    </resultMap>

</mapper>