<?xml version="1.0" encoding="UTF-8" ?>
<!DOCTYPE mapper PUBLIC "-//mybatis.org//DTD Mapper 3.0//EN" "http://mybatis.org/dtd/mybatis-3-mapper.dtd" >
<mapper namespace="com.example.hotel.data.hotel.RoomMapper">

    <insert id="insertRoom" parameterType="com.example.hotel.po.HotelRoom"
    useGeneratedKeys="true" keyProperty="id">
        insert into Room(roomType,price,curNum,total,hotel_id)
        values (#{roomType},#{price},#{curNum},#{total},#{hotelId})
    </insert>

    <select id="selectRoomsByHotelId" resultMap="room">
        select * from Room where hotel_id=#{hotelId}
    </select>

    <update id="updateRoomInfo">
        update Room set curNum=curNum-#{curNum} where hotel_id=#{hotelId} and roomType=#{roomType}
    </update>

    <select id="getRoomCurNum" resultType="int">
        select curNum from Room where hotel_id=#{hotelId} and roomType=#{roomType}
    </select>
    <select id="selectRoomById" resultMap="room" >
        select * from Room where id=#{roomId}
    </select>
<select id="getRoomIsExisted" parameterType="com.example.hotel.po.HotelRoom" resultType="int">
    select count(*) from Room where hotel_id=#{hotelId} and roomType=#{roomType}
</select>
    <select id="getRoomIsExisted2"  resultType="int">
    select count(*) from Room where hotel_id=#{hotelId} and roomType=#{roomType}
</select>
    <select id="selectRoomByHotelIdAndType" resultMap="room">
        select * from Room where hotel_id=#{hotelId} and roomType=#{roomType}
    </select>
    <select id="selectRoomByHotelIdAndType2" resultMap="room">
        select * from Room where hotel_id=#{hotelId} and roomType=#{roomType}

    </select>
    <update id="setRoomPriceByRoomId">
        update Room set price = #{price} where id=#{roomId}
    </update>
    <resultMap id="room" type="com.example.hotel.po.HotelRoom">
        <id column="id" property="id"></id>
        <result column="roomType" property="roomType"></result>
        <result column="price" property="price"></result>
        <result column="curNum" property="curNum"></result>
        <result column="total" property="total"></result>
        <result column="hotel_id" property="hotelId"></result>
    </resultMap>


</mapper>